[{
  "_id": {
    "$oid": "64f2ba93b78d713472b59eec"
  },
  "title": "the heart stone",
  "author": "Brandon SAnderson",
  "rating": 7,
  "pages": 320,
  "genres": [
    "Action"
  ],
  "reviews": [
    {
      "name": "Ashutosh",
      "body": "Great Book!"
    }
  ]
},
{
  "_id": {
    "$oid": "64f2bba5b78d713472b59eed"
  },
  "title": "the heart stone",
  "author": "Brandon SAnderson",
  "rating": 7,
  "pages": 320,
  "genres": [
    "Action"
  ],
  "reviews": [
    {
      "name": "Ashutosh",
      "body": "Great Book!"
    },
    {
      "name": "Atul",
      "body": "Nice Book!"
    }
  ]
},
{
  "_id": {
    "$oid": "64f2c106b78d713472b59eee"
  },
  "title": "Mission Impossible",
  "author": "Pettric",
  "rating": 8,
  "pages": 300,
  "genres": [
    "Action"
  ],
  "reviews": [
    {
      "name": "Ashutosh",
      "body": "Great Book!"
    },
    {
      "name": "Atul",
      "body": "Nice Book!"
    }
  ]
},
{
  "_id": {
    "$oid": "64f2c14fb78d713472b59eef"
  },
  "title": "Avatar",
  "author": "Unknown",
  "rating": 10,
  "pages": 400,
  "genres": [
    "Action"
  ],
  "reviews": [
    {
      "name": "Ashutosh",
      "body": "Great Book!"
    },
    {
      "name": "Atul",
      "body": "Nice Book!"
    }
  ]
},
{
  "_id": {
    "$oid": "64f2d3e4b78d713472b59ef0"
  },
  "title": "The Light Fantacy",
  "author": "Terry Pratchett",
  "rating": 8,
  "pages": 300,
  "genres": [
    "fantacy",
    "magic"
  ],
  "reviews": [
    {
      "name": "Rishab",
      "body": "Great Book!"
    },
    {
      "name": "Komal",
      "body": "Nice Book!"
    }
  ]
},
{
  "_id": {
    "$oid": "64f2d3f9b78d713472b59ef1"
  },
  "title": "Mission Impossible",
  "author": "Pettric",
  "rating": 8,
  "pages": 300,
  "genres": [
    "fantacy",
    "Action"
  ],
  "reviews": [
    {
      "name": "Jacki",
      "body": "Great Book!"
    },
    {
      "name": "Tiger",
      "body": "Nice Book!"
    }
  ]
}]